epoch,acc,loss,val_acc,val_loss
0,0.0,-16.10406189598364,0.0,-16.1049747467041
